hpi_type,hpi_flavor,frequency,level,place_name,place_id,yr,period,index_nsa,index_sa
traditional,purchase-only,monthly,USA or Census Division,United States,USA,1991,1,100,100
traditional,purchase-only,monthly,USA or Census Division,United States,USA,1991,2,100.4,100.46
traditional,purchase-only,monthly,USA or Census Division,United States,USA,1991,3,100.68,100.47
traditional,purchase-only,monthly,USA or Census Division,United States,USA,1991,4,100.69,100.34
traditional,purchase-only,monthly,USA or Census Division,United States,USA,1991,5,100.84,100.39
traditional,purchase-only,monthly,USA or Census Division,United States,USA,1991,6,101.35,100.52
traditional,purchase-only,monthly,USA or Census Division,United States,USA,1991,7,101.32,100.56
traditional,purchase-only,monthly,USA or Census Division,United States,USA,1991,8,101.29,100.39
traditional,purchase-only,monthly,USA or Census Division,United States,USA,1991,9,101.36,100.62
traditional,purchase-only,monthly,USA or Census Division,United States,USA,1991,10,101.59,100.94
traditional,purchase-only,monthly,USA or Census Division,United States,USA,1991,11,102.04,101.43
traditional,purchase-only,monthly,USA or Census Division,United States,USA,1991,12,102.17,101.89
traditional,purchase-only,monthly,USA or Census Division,United States,USA,1992,1,102.23,102.24
traditional,purchase-only,monthly,USA or Census Division,United States,USA,1992,2,102.89,102.97
traditional,purchase-only,monthly,USA or Census Division,United States,USA,1992,3,103.02,102.81
traditional,purchase-only,monthly,USA or Census Division,United States,USA,1992,4,102.93,102.57
traditional,purchase-only,monthly,USA or Census Division,United States,USA,1992,5,103.08,102.6
traditional,purchase-only,monthly,USA or Census Division,United States,USA,1992,6,103.41,102.54
traditional,purchase-only,monthly,USA or Census Division,United States,USA,1992,7,103.7,102.88
traditional,purchase-only,monthly,USA or Census Division,United States,USA,1992,8,104.28,103.33
traditional,purchase-only,monthly,USA or Census Division,United States,USA,1992,9,104.5,103.73
traditional,purchase-only,monthly,USA or Census Division,United States,USA,1992,10,104.72,104.05
traditional,purchase-only,monthly,USA or Census Division,United States,USA,1992,11,104.93,104.32
traditional,purchase-only,monthly,USA or Census Division,United States,USA,1992,12,104.51,104.23
traditional,purchase-only,monthly,USA or Census Division,United States,USA,1993,1,104.25,104.28
traditional,purchase-only,monthly,USA or Census Division,United States,USA,1993,2,103.97,104.08
traditional,purchase-only,monthly,USA or Census Division,United States,USA,1993,3,104.59,104.39
traditional,purchase-only,monthly,USA or Census Division,United States,USA,1993,4,105.41,105.03
traditional,purchase-only,monthly,USA or Census Division,United States,USA,1993,5,105.81,105.27
traditional,purchase-only,monthly,USA or Census Division,United States,USA,1993,6,106.58,105.64
traditional,purchase-only,monthly,USA or Census Division,United States,USA,1993,7,106.6,105.69
traditional,purchase-only,monthly,USA or Census Division,United States,USA,1993,8,107.11,106.08
traditional,purchase-only,monthly,USA or Census Division,United States,USA,1993,9,107.27,106.46
traditional,purchase-only,monthly,USA or Census Division,United States,USA,1993,10,107.37,106.69
traditional,purchase-only,monthly,USA or Census Division,United States,USA,1993,11,107.61,107.02
traditional,purchase-only,monthly,USA or Census Division,United States,USA,1993,12,107.8,107.55
traditional,purchase-only,monthly,USA or Census Division,United States,USA,1994,1,107.72,107.79
traditional,purchase-only,monthly,USA or Census Division,United States,USA,1994,2,107.88,108.03
traditional,purchase-only,monthly,USA or Census Division,United States,USA,1994,3,108.58,108.39
traditional,purchase-only,monthly,USA or Census Division,United States,USA,1994,4,109.14,108.73
traditional,purchase-only,monthly,USA or Census Division,United States,USA,1994,5,109.71,109.08
traditional,purchase-only,monthly,USA or Census Division,United States,USA,1994,6,110.31,109.27
traditional,purchase-only,monthly,USA or Census Division,United States,USA,1994,7,110.41,109.39
traditional,purchase-only,monthly,USA or Census Division,United States,USA,1994,8,110.79,109.67
traditional,purchase-only,monthly,USA or Census Division,United States,USA,1994,9,110.58,109.73
traditional,purchase-only,monthly,USA or Census Division,United States,USA,1994,10,110.69,110.01
traditional,purchase-only,monthly,USA or Census Division,United States,USA,1994,11,110.79,110.24
traditional,purchase-only,monthly,USA or Census Division,United States,USA,1994,12,110.46,110.25
traditional,purchase-only,monthly,USA or Census Division,United States,USA,1995,1,110.44,110.55
traditional,purchase-only,monthly,USA or Census Division,United States,USA,1995,2,110.95,111.14
traditional,purchase-only,monthly,USA or Census Division,United States,USA,1995,3,111.21,110.99
traditional,purchase-only,monthly,USA or Census Division,United States,USA,1995,4,111.71,111.26
traditional,purchase-only,monthly,USA or Census Division,United States,USA,1995,5,112.12,111.39
traditional,purchase-only,monthly,USA or Census Division,United States,USA,1995,6,112.91,111.77
traditional,purchase-only,monthly,USA or Census Division,United States,USA,1995,7,113.42,112.29
traditional,purchase-only,monthly,USA or Census Division,United States,USA,1995,8,113.77,112.59
traditional,purchase-only,monthly,USA or Census Division,United States,USA,1995,9,113.69,112.83
traditional,purchase-only,monthly,USA or Census Division,United States,USA,1995,10,113.55,112.88
traditional,purchase-only,monthly,USA or Census Division,United States,USA,1995,11,113.62,113.12
traditional,purchase-only,monthly,USA or Census Division,United States,USA,1995,12,113.75,113.59
traditional,purchase-only,monthly,USA or Census Division,United States,USA,1996,1,113.84,114
traditional,purchase-only,monthly,USA or Census Division,United States,USA,1996,2,113.95,114.15
traditional,purchase-only,monthly,USA or Census Division,United States,USA,1996,3,114.81,114.58
traditional,purchase-only,monthly,USA or Census Division,United States,USA,1996,4,115.34,114.85
traditional,purchase-only,monthly,USA or Census Division,United States,USA,1996,5,115.95,115.11
traditional,purchase-only,monthly,USA or Census Division,United States,USA,1996,6,116.45,115.22
traditional,purchase-only,monthly,USA or Census Division,United States,USA,1996,7,116.83,115.61
traditional,purchase-only,monthly,USA or Census Division,United States,USA,1996,8,116.84,115.6
traditional,purchase-only,monthly,USA or Census Division,United States,USA,1996,9,116.8,115.92
traditional,purchase-only,monthly,USA or Census Division,United States,USA,1996,10,116.67,116.01
traditional,purchase-only,monthly,USA or Census Division,United States,USA,1996,11,116.81,116.35
traditional,purchase-only,monthly,USA or Census Division,United States,USA,1996,12,116.81,116.7
traditional,purchase-only,monthly,USA or Census Division,United States,USA,1997,1,116.65,116.84
traditional,purchase-only,monthly,USA or Census Division,United States,USA,1997,2,116.94,117.14
traditional,purchase-only,monthly,USA or Census Division,United States,USA,1997,3,117.87,117.6
traditional,purchase-only,monthly,USA or Census Division,United States,USA,1997,4,118.35,117.83
traditional,purchase-only,monthly,USA or Census Division,United States,USA,1997,5,119.18,118.26
traditional,purchase-only,monthly,USA or Census Division,United States,USA,1997,6,119.61,118.3
traditional,purchase-only,monthly,USA or Census Division,United States,USA,1997,7,119.9,118.62
traditional,purchase-only,monthly,USA or Census Division,United States,USA,1997,8,120.31,119.04
traditional,purchase-only,monthly,USA or Census Division,United States,USA,1997,9,120.13,119.22
traditional,purchase-only,monthly,USA or Census Division,United States,USA,1997,10,120.5,119.83
traditional,purchase-only,monthly,USA or Census Division,United States,USA,1997,11,120.67,120.23
traditional,purchase-only,monthly,USA or Census Division,United States,USA,1997,12,120.71,120.62
traditional,purchase-only,monthly,USA or Census Division,United States,USA,1998,1,120.89,121.08
traditional,purchase-only,monthly,USA or Census Division,United States,USA,1998,2,121.72,121.93
traditional,purchase-only,monthly,USA or Census Division,United States,USA,1998,3,122.61,122.33
traditional,purchase-only,monthly,USA or Census Division,United States,USA,1998,4,123.46,122.9
traditional,purchase-only,monthly,USA or Census Division,United States,USA,1998,5,124.38,123.37
traditional,purchase-only,monthly,USA or Census Division,United States,USA,1998,6,125.57,124.17
traditional,purchase-only,monthly,USA or Census Division,United States,USA,1998,7,125.87,124.49
traditional,purchase-only,monthly,USA or Census Division,United States,USA,1998,8,126.32,125
traditional,purchase-only,monthly,USA or Census Division,United States,USA,1998,9,126.8,125.81
traditional,purchase-only,monthly,USA or Census Division,United States,USA,1998,10,127.06,126.34
traditional,purchase-only,monthly,USA or Census Division,United States,USA,1998,11,127.61,127.17
traditional,purchase-only,monthly,USA or Census Division,United States,USA,1998,12,127.83,127.75
traditional,purchase-only,monthly,USA or Census Division,United States,USA,1999,1,128.29,128.47
traditional,purchase-only,monthly,USA or Census Division,United States,USA,1999,2,128.77,128.99
traditional,purchase-only,monthly,USA or Census Division,United States,USA,1999,3,129.86,129.57
traditional,purchase-only,monthly,USA or Census Division,United States,USA,1999,4,130.8,130.2
traditional,purchase-only,monthly,USA or Census Division,United States,USA,1999,5,132.06,130.97
traditional,purchase-only,monthly,USA or Census Division,United States,USA,1999,6,133.12,131.59
traditional,purchase-only,monthly,USA or Census Division,United States,USA,1999,7,133.8,132.31
traditional,purchase-only,monthly,USA or Census Division,United States,USA,1999,8,134.5,133.1
traditional,purchase-only,monthly,USA or Census Division,United States,USA,1999,9,134.59,133.5
traditional,purchase-only,monthly,USA or Census Division,United States,USA,1999,10,135.1,134.29
traditional,purchase-only,monthly,USA or Census Division,United States,USA,1999,11,135.33,134.86
traditional,purchase-only,monthly,USA or Census Division,United States,USA,1999,12,135.62,135.55
traditional,purchase-only,monthly,USA or Census Division,United States,USA,2000,1,136.94,137.12
traditional,purchase-only,monthly,USA or Census Division,United States,USA,2000,2,136.71,136.93
traditional,purchase-only,monthly,USA or Census Division,United States,USA,2000,3,138.28,138
traditional,purchase-only,monthly,USA or Census Division,United States,USA,2000,4,139.58,138.94
traditional,purchase-only,monthly,USA or Census Division,United States,USA,2000,5,140.69,139.53
traditional,purchase-only,monthly,USA or Census Division,United States,USA,2000,6,142.12,140.48
traditional,purchase-only,monthly,USA or Census Division,United States,USA,2000,7,142.83,141.21
traditional,purchase-only,monthly,USA or Census Division,United States,USA,2000,8,143.27,141.76
traditional,purchase-only,monthly,USA or Census Division,United States,USA,2000,9,143.87,142.63
traditional,purchase-only,monthly,USA or Census Division,United States,USA,2000,10,144.33,143.41
traditional,purchase-only,monthly,USA or Census Division,United States,USA,2000,11,144.8,144.3
traditional,purchase-only,monthly,USA or Census Division,United States,USA,2000,12,145.23,145.16
traditional,purchase-only,monthly,USA or Census Division,United States,USA,2001,1,145.85,146.06
traditional,purchase-only,monthly,USA or Census Division,United States,USA,2001,2,146.81,147.07
traditional,purchase-only,monthly,USA or Census Division,United States,USA,2001,3,148.12,147.87
traditional,purchase-only,monthly,USA or Census Division,United States,USA,2001,4,149.4,148.73
traditional,purchase-only,monthly,USA or Census Division,United States,USA,2001,5,150.64,149.4
traditional,purchase-only,monthly,USA or Census Division,United States,USA,2001,6,151.88,150.11
traditional,purchase-only,monthly,USA or Census Division,United States,USA,2001,7,152.74,150.95
traditional,purchase-only,monthly,USA or Census Division,United States,USA,2001,8,153.32,151.67
traditional,purchase-only,monthly,USA or Census Division,United States,USA,2001,9,153.85,152.46
traditional,purchase-only,monthly,USA or Census Division,United States,USA,2001,10,154.43,153.4
traditional,purchase-only,monthly,USA or Census Division,United States,USA,2001,11,154.4,153.85
traditional,purchase-only,monthly,USA or Census Division,United States,USA,2001,12,154.94,154.87
traditional,purchase-only,monthly,USA or Census Division,United States,USA,2002,1,155.45,155.75
traditional,purchase-only,monthly,USA or Census Division,United States,USA,2002,2,156.33,156.65
traditional,purchase-only,monthly,USA or Census Division,United States,USA,2002,3,157.88,157.66
traditional,purchase-only,monthly,USA or Census Division,United States,USA,2002,4,159.19,158.49
traditional,purchase-only,monthly,USA or Census Division,United States,USA,2002,5,160.92,159.57
traditional,purchase-only,monthly,USA or Census Division,United States,USA,2002,6,162.48,160.57
traditional,purchase-only,monthly,USA or Census Division,United States,USA,2002,7,163.56,161.59
traditional,purchase-only,monthly,USA or Census Division,United States,USA,2002,8,164.47,162.63
traditional,purchase-only,monthly,USA or Census Division,United States,USA,2002,9,165.18,163.61
traditional,purchase-only,monthly,USA or Census Division,United States,USA,2002,10,165.92,164.76
traditional,purchase-only,monthly,USA or Census Division,United States,USA,2002,11,166.3,165.7
traditional,purchase-only,monthly,USA or Census Division,United States,USA,2002,12,166.97,166.92
traditional,purchase-only,monthly,USA or Census Division,United States,USA,2003,1,167.51,167.95
traditional,purchase-only,monthly,USA or Census Division,United States,USA,2003,2,168.6,168.99
traditional,purchase-only,monthly,USA or Census Division,United States,USA,2003,3,169.76,169.56
traditional,purchase-only,monthly,USA or Census Division,United States,USA,2003,4,171.35,170.6
traditional,purchase-only,monthly,USA or Census Division,United States,USA,2003,5,173.04,171.54
traditional,purchase-only,monthly,USA or Census Division,United States,USA,2003,6,174.46,172.35
traditional,purchase-only,monthly,USA or Census Division,United States,USA,2003,7,175.79,173.62
traditional,purchase-only,monthly,USA or Census Division,United States,USA,2003,8,176.93,174.87
traditional,purchase-only,monthly,USA or Census Division,United States,USA,2003,9,178.04,176.3
traditional,purchase-only,monthly,USA or Census Division,United States,USA,2003,10,178.61,177.35
traditional,purchase-only,monthly,USA or Census Division,United States,USA,2003,11,179.37,178.73
traditional,purchase-only,monthly,USA or Census Division,United States,USA,2003,12,180.23,180.23
traditional,purchase-only,monthly,USA or Census Division,United States,USA,2004,1,180.76,181.39
traditional,purchase-only,monthly,USA or Census Division,United States,USA,2004,2,182.29,182.76
traditional,purchase-only,monthly,USA or Census Division,United States,USA,2004,3,184.29,184.1
traditional,purchase-only,monthly,USA or Census Division,United States,USA,2004,4,186.48,185.61
traditional,purchase-only,monthly,USA or Census Division,United States,USA,2004,5,189.15,187.39
traditional,purchase-only,monthly,USA or Census Division,United States,USA,2004,6,191.72,189.31
traditional,purchase-only,monthly,USA or Census Division,United States,USA,2004,7,193.3,190.85
traditional,purchase-only,monthly,USA or Census Division,United States,USA,2004,8,194.6,192.23
traditional,purchase-only,monthly,USA or Census Division,United States,USA,2004,9,195.68,193.74
traditional,purchase-only,monthly,USA or Census Division,United States,USA,2004,10,196.58,195.21
traditional,purchase-only,monthly,USA or Census Division,United States,USA,2004,11,197.6,196.94
traditional,purchase-only,monthly,USA or Census Division,United States,USA,2004,12,198.59,198.7
traditional,purchase-only,monthly,USA or Census Division,United States,USA,2005,1,199.26,200.14
traditional,purchase-only,monthly,USA or Census Division,United States,USA,2005,2,201.01,201.56
traditional,purchase-only,monthly,USA or Census Division,United States,USA,2005,3,203.83,203.62
traditional,purchase-only,monthly,USA or Census Division,United States,USA,2005,4,206.46,205.43
traditional,purchase-only,monthly,USA or Census Division,United States,USA,2005,5,209.19,207.1
traditional,purchase-only,monthly,USA or Census Division,United States,USA,2005,6,211.73,208.91
traditional,purchase-only,monthly,USA or Census Division,United States,USA,2005,7,213.79,210.99
traditional,purchase-only,monthly,USA or Census Division,United States,USA,2005,8,215.2,212.48
traditional,purchase-only,monthly,USA or Census Division,United States,USA,2005,9,216.58,214.43
traditional,purchase-only,monthly,USA or Census Division,United States,USA,2005,10,217.12,215.63
traditional,purchase-only,monthly,USA or Census Division,United States,USA,2005,11,217.68,217.05
traditional,purchase-only,monthly,USA or Census Division,United States,USA,2005,12,218.08,218.35
traditional,purchase-only,monthly,USA or Census Division,United States,USA,2006,1,218.59,219.75
traditional,purchase-only,monthly,USA or Census Division,United States,USA,2006,2,219.52,220.14
traditional,purchase-only,monthly,USA or Census Division,United States,USA,2006,3,221.21,220.99
traditional,purchase-only,monthly,USA or Census Division,United States,USA,2006,4,222.64,221.44
traditional,purchase-only,monthly,USA or Census Division,United States,USA,2006,5,224.39,221.98
traditional,purchase-only,monthly,USA or Census Division,United States,USA,2006,6,225.19,221.99
traditional,purchase-only,monthly,USA or Census Division,United States,USA,2006,7,224.93,221.83
traditional,purchase-only,monthly,USA or Census Division,United States,USA,2006,8,225.41,222.45
traditional,purchase-only,monthly,USA or Census Division,United States,USA,2006,9,224.64,222.4
traditional,purchase-only,monthly,USA or Census Division,United States,USA,2006,10,224.24,222.66
traditional,purchase-only,monthly,USA or Census Division,United States,USA,2006,11,223.92,223.33
traditional,purchase-only,monthly,USA or Census Division,United States,USA,2006,12,222.96,223.38
traditional,purchase-only,monthly,USA or Census Division,United States,USA,2007,1,222.85,224.2
traditional,purchase-only,monthly,USA or Census Division,United States,USA,2007,2,223.53,224.24
traditional,purchase-only,monthly,USA or Census Division,United States,USA,2007,3,225.26,225.16
traditional,purchase-only,monthly,USA or Census Division,United States,USA,2007,4,226.44,225.19
traditional,purchase-only,monthly,USA or Census Division,United States,USA,2007,5,226.7,224.08
traditional,purchase-only,monthly,USA or Census Division,United States,USA,2007,6,226.65,223.22
traditional,purchase-only,monthly,USA or Census Division,United States,USA,2007,7,225.38,222.11
traditional,purchase-only,monthly,USA or Census Division,United States,USA,2007,8,224.15,221.09
traditional,purchase-only,monthly,USA or Census Division,United States,USA,2007,9,222.45,220.26
traditional,purchase-only,monthly,USA or Census Division,United States,USA,2007,10,220.02,218.4
traditional,purchase-only,monthly,USA or Census Division,United States,USA,2007,11,217.55,216.94
traditional,purchase-only,monthly,USA or Census Division,United States,USA,2007,12,215.3,215.84
traditional,purchase-only,monthly,USA or Census Division,United States,USA,2008,1,212.54,214
traditional,purchase-only,monthly,USA or Census Division,United States,USA,2008,2,211.8,212.64
traditional,purchase-only,monthly,USA or Census Division,United States,USA,2008,3,210.71,210.84
traditional,purchase-only,monthly,USA or Census Division,United States,USA,2008,4,209.62,208.47
traditional,purchase-only,monthly,USA or Census Division,United States,USA,2008,5,208.74,206.16
traditional,purchase-only,monthly,USA or Census Division,United States,USA,2008,6,208.21,204.83
traditional,purchase-only,monthly,USA or Census Division,United States,USA,2008,7,206.21,202.96
traditional,purchase-only,monthly,USA or Census Division,United States,USA,2008,8,203.76,200.84
traditional,purchase-only,monthly,USA or Census Division,United States,USA,2008,9,201.16,199.1
traditional,purchase-only,monthly,USA or Census Division,United States,USA,2008,10,199.01,197.43
traditional,purchase-only,monthly,USA or Census Division,United States,USA,2008,11,194.63,193.95
traditional,purchase-only,monthly,USA or Census Division,United States,USA,2008,12,192.87,193.43
traditional,purchase-only,monthly,USA or Census Division,United States,USA,2009,1,193.48,194.96
traditional,purchase-only,monthly,USA or Census Division,United States,USA,2009,2,194.23,195.23
traditional,purchase-only,monthly,USA or Census Division,United States,USA,2009,3,192.63,192.99
traditional,purchase-only,monthly,USA or Census Division,United States,USA,2009,4,192.76,191.73
traditional,purchase-only,monthly,USA or Census Division,United States,USA,2009,5,194.13,191.56
traditional,purchase-only,monthly,USA or Census Division,United States,USA,2009,6,194.93,191.48
traditional,purchase-only,monthly,USA or Census Division,United States,USA,2009,7,194.25,190.88
traditional,purchase-only,monthly,USA or Census Division,United States,USA,2009,8,193.58,190.62
traditional,purchase-only,monthly,USA or Census Division,United States,USA,2009,9,192.46,190.35
traditional,purchase-only,monthly,USA or Census Division,United States,USA,2009,10,192.34,190.71
traditional,purchase-only,monthly,USA or Census Division,United States,USA,2009,11,192.2,191.36
traditional,purchase-only,monthly,USA or Census Division,United States,USA,2009,12,188.93,189.53
traditional,purchase-only,monthly,USA or Census Division,United States,USA,2010,1,187.96,189.54
traditional,purchase-only,monthly,USA or Census Division,United States,USA,2010,2,187.54,188.78
traditional,purchase-only,monthly,USA or Census Division,United States,USA,2010,3,188.06,188.56
traditional,purchase-only,monthly,USA or Census Division,United States,USA,2010,4,189.83,188.83
traditional,purchase-only,monthly,USA or Census Division,United States,USA,2010,5,191.52,188.81
traditional,purchase-only,monthly,USA or Census Division,United States,USA,2010,6,190.54,186.86
traditional,purchase-only,monthly,USA or Census Division,United States,USA,2010,7,189.34,185.72
traditional,purchase-only,monthly,USA or Census Division,United States,USA,2010,8,188.55,185.51
traditional,purchase-only,monthly,USA or Census Division,United States,USA,2010,9,185.95,183.75
traditional,purchase-only,monthly,USA or Census Division,United States,USA,2010,10,185.6,183.99
traditional,purchase-only,monthly,USA or Census Division,United States,USA,2010,11,184.33,183.44
traditional,purchase-only,monthly,USA or Census Division,United States,USA,2010,12,181.47,182.08
traditional,purchase-only,monthly,USA or Census Division,United States,USA,2011,1,179.38,181.01
traditional,purchase-only,monthly,USA or Census Division,United States,USA,2011,2,177.99,179.44
traditional,purchase-only,monthly,USA or Census Division,United States,USA,2011,3,176.89,177.42
traditional,purchase-only,monthly,USA or Census Division,United States,USA,2011,4,178.84,177.85
traditional,purchase-only,monthly,USA or Census Division,United States,USA,2011,5,180.21,177.46
traditional,purchase-only,monthly,USA or Census Division,United States,USA,2011,6,181.74,177.94
traditional,purchase-only,monthly,USA or Census Division,United States,USA,2011,7,182.08,178.3
traditional,purchase-only,monthly,USA or Census Division,United States,USA,2011,8,180.92,177.83
traditional,purchase-only,monthly,USA or Census Division,United States,USA,2011,9,181.09,178.84
traditional,purchase-only,monthly,USA or Census Division,United States,USA,2011,10,179.41,177.89
traditional,purchase-only,monthly,USA or Census Division,United States,USA,2011,11,179.57,178.67
traditional,purchase-only,monthly,USA or Census Division,United States,USA,2011,12,178.69,179.32
traditional,purchase-only,monthly,USA or Census Division,United States,USA,2012,1,176.84,178.55
traditional,purchase-only,monthly,USA or Census Division,United States,USA,2012,2,177.33,178.96
traditional,purchase-only,monthly,USA or Census Division,United States,USA,2012,3,179.99,180.48
traditional,purchase-only,monthly,USA or Census Division,United States,USA,2012,4,182.5,181.41
traditional,purchase-only,monthly,USA or Census Division,United States,USA,2012,5,185.49,182.52
traditional,purchase-only,monthly,USA or Census Division,United States,USA,2012,6,187.35,183.23
traditional,purchase-only,monthly,USA or Census Division,United States,USA,2012,7,187.68,183.59
traditional,purchase-only,monthly,USA or Census Division,United States,USA,2012,8,188.12,184.88
traditional,purchase-only,monthly,USA or Census Division,United States,USA,2012,9,187.95,185.6
traditional,purchase-only,monthly,USA or Census Division,United States,USA,2012,10,187.94,186.51
traditional,purchase-only,monthly,USA or Census Division,United States,USA,2012,11,188.16,187.36
traditional,purchase-only,monthly,USA or Census Division,United States,USA,2012,12,187.61,188.34
traditional,purchase-only,monthly,USA or Census Division,United States,USA,2013,1,187.84,189.72
traditional,purchase-only,monthly,USA or Census Division,United States,USA,2013,2,189.07,190.88
traditional,purchase-only,monthly,USA or Census Division,United States,USA,2013,3,192.49,192.79
traditional,purchase-only,monthly,USA or Census Division,United States,USA,2013,4,195.11,193.79
traditional,purchase-only,monthly,USA or Census Division,United States,USA,2013,5,198.62,195.33
traditional,purchase-only,monthly,USA or Census Division,United States,USA,2013,6,201.14,196.56
traditional,purchase-only,monthly,USA or Census Division,United States,USA,2013,7,202.18,197.66
traditional,purchase-only,monthly,USA or Census Division,United States,USA,2013,8,201.68,198.22
traditional,purchase-only,monthly,USA or Census Division,United States,USA,2013,9,201.71,199.25
traditional,purchase-only,monthly,USA or Census Division,United States,USA,2013,10,201.11,199.75
traditional,purchase-only,monthly,USA or Census Division,United States,USA,2013,11,200.52,199.84
traditional,purchase-only,monthly,USA or Census Division,United States,USA,2013,12,200.26,201.05
traditional,purchase-only,monthly,USA or Census Division,United States,USA,2014,1,199.91,201.87
traditional,purchase-only,monthly,USA or Census Division,United States,USA,2014,2,200.92,202.71
traditional,purchase-only,monthly,USA or Census Division,United States,USA,2014,3,203.36,203.35
traditional,purchase-only,monthly,USA or Census Division,United States,USA,2014,4,205.63,204.02
traditional,purchase-only,monthly,USA or Census Division,United States,USA,2014,5,207.91,204.37
traditional,purchase-only,monthly,USA or Census Division,United States,USA,2014,6,210.28,205.44
traditional,purchase-only,monthly,USA or Census Division,United States,USA,2014,7,211.02,206.29
traditional,purchase-only,monthly,USA or Census Division,United States,USA,2014,8,210.61,207.05
traditional,purchase-only,monthly,USA or Census Division,United States,USA,2014,9,209.74,207.26
traditional,purchase-only,monthly,USA or Census Division,United States,USA,2014,10,209.79,208.49
traditional,purchase-only,monthly,USA or Census Division,United States,USA,2014,11,209.99,209.45
traditional,purchase-only,monthly,USA or Census Division,United States,USA,2014,12,210.04,210.85
traditional,purchase-only,monthly,USA or Census Division,United States,USA,2015,1,209.05,210.94
traditional,purchase-only,monthly,USA or Census Division,United States,USA,2015,2,211.01,212.65
traditional,purchase-only,monthly,USA or Census Division,United States,USA,2015,3,213.77,213.42
traditional,purchase-only,monthly,USA or Census Division,United States,USA,2015,4,215.97,214.07
traditional,purchase-only,monthly,USA or Census Division,United States,USA,2015,5,219.15,215.36
traditional,purchase-only,monthly,USA or Census Division,United States,USA,2015,6,221.22,216.24
traditional,purchase-only,monthly,USA or Census Division,United States,USA,2015,7,222.06,217.23
traditional,purchase-only,monthly,USA or Census Division,United States,USA,2015,8,221.37,217.72
traditional,purchase-only,monthly,USA or Census Division,United States,USA,2015,9,221.31,218.84
traditional,purchase-only,monthly,USA or Census Division,United States,USA,2015,10,221.28,220.03
traditional,purchase-only,monthly,USA or Census Division,United States,USA,2015,11,221.68,221.17
traditional,purchase-only,monthly,USA or Census Division,United States,USA,2015,12,221.3,222.11
traditional,purchase-only,monthly,USA or Census Division,United States,USA,2016,1,221.24,223.07
traditional,purchase-only,monthly,USA or Census Division,United States,USA,2016,2,221.87,223.26
traditional,purchase-only,monthly,USA or Census Division,United States,USA,2016,3,225.76,225.1
traditional,purchase-only,monthly,USA or Census Division,United States,USA,2016,4,228.27,226.07
traditional,purchase-only,monthly,USA or Census Division,United States,USA,2016,5,231.08,227.08
traditional,purchase-only,monthly,USA or Census Division,United States,USA,2016,6,233.36,228.33
traditional,purchase-only,monthly,USA or Census Division,United States,USA,2016,7,234.41,229.56
traditional,purchase-only,monthly,USA or Census Division,United States,USA,2016,8,234.3,230.58
traditional,purchase-only,monthly,USA or Census Division,United States,USA,2016,9,234.42,231.89
traditional,purchase-only,monthly,USA or Census Division,United States,USA,2016,10,234.43,233.13
traditional,purchase-only,monthly,USA or Census Division,United States,USA,2016,11,234.74,234.17
traditional,purchase-only,monthly,USA or Census Division,United States,USA,2016,12,234.91,235.71
traditional,purchase-only,monthly,USA or Census Division,United States,USA,2017,1,234,235.69
traditional,purchase-only,monthly,USA or Census Division,United States,USA,2017,2,236.01,237.09
traditional,purchase-only,monthly,USA or Census Division,United States,USA,2017,3,239.68,238.71
traditional,purchase-only,monthly,USA or Census Division,United States,USA,2017,4,242.98,240.51
traditional,purchase-only,monthly,USA or Census Division,United States,USA,2017,5,245.82,241.64
traditional,purchase-only,monthly,USA or Census Division,United States,USA,2017,6,247.5,242.51
traditional,purchase-only,monthly,USA or Census Division,United States,USA,2017,7,248.67,243.84
traditional,purchase-only,monthly,USA or Census Division,United States,USA,2017,8,249.35,245.52
traditional,purchase-only,monthly,USA or Census Division,United States,USA,2017,9,249.11,246.44
traditional,purchase-only,monthly,USA or Census Division,United States,USA,2017,10,248.88,247.42
traditional,purchase-only,monthly,USA or Census Division,United States,USA,2017,11,249.78,249.08
traditional,purchase-only,monthly,USA or Census Division,United States,USA,2017,12,249.49,250.24
traditional,purchase-only,monthly,USA or Census Division,United States,USA,2018,1,250.41,251.99
traditional,purchase-only,monthly,USA or Census Division,United States,USA,2018,2,253.27,254.05
traditional,purchase-only,monthly,USA or Census Division,United States,USA,2018,3,256.16,254.94
traditional,purchase-only,monthly,USA or Census Division,United States,USA,2018,4,258.43,255.72
traditional,purchase-only,monthly,USA or Census Division,United States,USA,2018,5,261.46,257.15
traditional,purchase-only,monthly,USA or Census Division,United States,USA,2018,6,263.13,258.15
traditional,purchase-only,monthly,USA or Census Division,United States,USA,2018,7,263.97,259.12
traditional,purchase-only,monthly,USA or Census Division,United States,USA,2018,8,264.35,260.4
traditional,purchase-only,monthly,USA or Census Division,United States,USA,2018,9,263.65,260.78
traditional,purchase-only,monthly,USA or Census Division,United States,USA,2018,10,263.36,261.7
traditional,purchase-only,monthly,USA or Census Division,United States,USA,2018,11,264.07,263.24
traditional,purchase-only,monthly,USA or Census Division,United States,USA,2018,12,263.18,263.89
traditional,purchase-only,monthly,USA or Census Division,United States,USA,2019,1,263.99,265.47
traditional,purchase-only,monthly,USA or Census Division,United States,USA,2019,2,265.73,266.22
traditional,purchase-only,monthly,USA or Census Division,United States,USA,2019,3,268.76,267.33
traditional,purchase-only,monthly,USA or Census Division,United States,USA,2019,4,271.82,268.92
traditional,purchase-only,monthly,USA or Census Division,United States,USA,2019,5,274.63,270.27
traditional,purchase-only,monthly,USA or Census Division,United States,USA,2019,6,275.98,271.06
traditional,purchase-only,monthly,USA or Census Division,United States,USA,2019,7,276.87,272
traditional,purchase-only,monthly,USA or Census Division,United States,USA,2019,8,276.84,272.78
traditional,purchase-only,monthly,USA or Census Division,United States,USA,2019,9,277.6,274.51
traditional,purchase-only,monthly,USA or Census Division,United States,USA,2019,10,277.71,275.79
traditional,purchase-only,monthly,USA or Census Division,United States,USA,2019,11,278.12,277.14
traditional,purchase-only,monthly,USA or Census Division,United States,USA,2019,12,278.82,279.48
traditional,purchase-only,monthly,USA or Census Division,United States,USA,2020,1,279.9,281.34
traditional,purchase-only,monthly,USA or Census Division,United States,USA,2020,2,283.12,283.39
traditional,purchase-only,monthly,USA or Census Division,United States,USA,2020,3,285.71,284.14
traditional,purchase-only,monthly,USA or Census Division,United States,USA,2020,4,288.08,285
traditional,purchase-only,monthly,USA or Census Division,United States,USA,2020,5,288.93,284.46
traditional,purchase-only,monthly,USA or Census Division,United States,USA,2020,6,292.52,287.47
traditional,purchase-only,monthly,USA or Census Division,United States,USA,2020,7,296.03,290.93
traditional,purchase-only,monthly,USA or Census Division,United States,USA,2020,8,300.01,295.68
traditional,purchase-only,monthly,USA or Census Division,United States,USA,2020,9,303.79,300.35
traditional,purchase-only,monthly,USA or Census Division,United States,USA,2020,10,307.19,304.92
traditional,purchase-only,monthly,USA or Census Division,United States,USA,2020,11,309.39,308.23
traditional,purchase-only,monthly,USA or Census Division,United States,USA,2020,12,311.6,312.25
traditional,purchase-only,monthly,USA or Census Division,United States,USA,2021,1,314.45,315.96
traditional,purchase-only,monthly,USA or Census Division,United States,USA,2021,2,319.1,319.22
traditional,purchase-only,monthly,USA or Census Division,United States,USA,2021,3,326.63,324.78
traditional,purchase-only,monthly,USA or Census Division,United States,USA,2021,4,334.33,330.72
traditional,purchase-only,monthly,USA or Census Division,United States,USA,2021,5,341.73,336.51
traditional,purchase-only,monthly,USA or Census Division,United States,USA,2021,6,348.33,342.39
traditional,purchase-only,monthly,USA or Census Division,United States,USA,2021,7,353.22,347.19
traditional,purchase-only,monthly,USA or Census Division,United States,USA,2021,8,355.8,350.7
traditional,purchase-only,monthly,USA or Census Division,United States,USA,2021,9,358.24,354.09
traditional,purchase-only,monthly,USA or Census Division,United States,USA,2021,10,361.15,358.34
traditional,purchase-only,monthly,USA or Census Division,United States,USA,2021,11,364.36,362.94
traditional,purchase-only,monthly,USA or Census Division,United States,USA,2021,12,367.26,367.92
traditional,purchase-only,monthly,USA or Census Division,United States,USA,2022,1,372.12,373.85
traditional,purchase-only,monthly,USA or Census Division,United States,USA,2022,2,380.81,380.86
traditional,purchase-only,monthly,USA or Census Division,United States,USA,2022,3,389.03,386.82
traditional,purchase-only,monthly,USA or Census Division,United States,USA,2022,4,397.19,392.86
traditional,all-transactions,quarterly,USA or Census Division,United States,USA,1975,1,60.02,
traditional,all-transactions,quarterly,USA or Census Division,United States,USA,1975,2,60.96,
traditional,all-transactions,quarterly,USA or Census Division,United States,USA,1975,3,61.16,
traditional,all-transactions,quarterly,USA or Census Division,United States,USA,1975,4,62.22,
traditional,all-transactions,quarterly,USA or Census Division,United States,USA,1976,1,62.86,
traditional,all-transactions,quarterly,USA or Census Division,United States,USA,1976,2,65.45,
traditional,all-transactions,quarterly,USA or Census Division,United States,USA,1976,3,66.53,
traditional,all-transactions,quarterly,USA or Census Division,United States,USA,1976,4,67.26,
traditional,all-transactions,quarterly,USA or Census Division,United States,USA,1977,1,69.49,
traditional,all-transactions,quarterly,USA or Census Division,United States,USA,1977,2,72.72,
traditional,all-transactions,quarterly,USA or Census Division,United States,USA,1977,3,74.34,
traditional,all-transactions,quarterly,USA or Census Division,United States,USA,1977,4,77.19,
traditional,all-transactions,quarterly,USA or Census Division,United States,USA,1978,1,79.58,
traditional,all-transactions,quarterly,USA or Census Division,United States,USA,1978,2,82.74,
traditional,all-transactions,quarterly,USA or Census Division,United States,USA,1978,3,85.16,
traditional,all-transactions,quarterly,USA or Census Division,United States,USA,1978,4,87.5,
traditional,all-transactions,quarterly,USA or Census Division,United States,USA,1979,1,91.4,
traditional,all-transactions,quarterly,USA or Census Division,United States,USA,1979,2,94.44,
traditional,all-transactions,quarterly,USA or Census Division,United States,USA,1979,3,96.45,
traditional,all-transactions,quarterly,USA or Census Division,United States,USA,1979,4,98.24,
traditional,all-transactions,quarterly,USA or Census Division,United States,USA,1980,1,100,
traditional,all-transactions,quarterly,USA or Census Division,United States,USA,1980,2,101.63,
traditional,all-transactions,quarterly,USA or Census Division,United States,USA,1980,3,104.43,
traditional,all-transactions,quarterly,USA or Census Division,United States,USA,1980,4,104.61,
traditional,all-transactions,quarterly,USA or Census Division,United States,USA,1981,1,105.18,
traditional,all-transactions,quarterly,USA or Census Division,United States,USA,1981,2,107.44,
traditional,all-transactions,quarterly,USA or Census Division,United States,USA,1981,3,108.84,
traditional,all-transactions,quarterly,USA or Census Division,United States,USA,1981,4,107.49,
traditional,all-transactions,quarterly,USA or Census Division,United States,USA,1982,1,106.21,
traditional,all-transactions,quarterly,USA or Census Division,United States,USA,1982,2,108.85,
traditional,all-transactions,quarterly,USA or Census Division,United States,USA,1982,3,107.07,
traditional,all-transactions,quarterly,USA or Census Division,United States,USA,1982,4,111.71,
traditional,all-transactions,quarterly,USA or Census Division,United States,USA,1983,1,114.44,
traditional,all-transactions,quarterly,USA or Census Division,United States,USA,1983,2,115.93,
traditional,all-transactions,quarterly,USA or Census Division,United States,USA,1983,3,116.95,
traditional,all-transactions,quarterly,USA or Census Division,United States,USA,1983,4,117.65,
traditional,all-transactions,quarterly,USA or Census Division,United States,USA,1984,1,119.44,
traditional,all-transactions,quarterly,USA or Census Division,United States,USA,1984,2,121.05,
traditional,all-transactions,quarterly,USA or Census Division,United States,USA,1984,3,122.18,
traditional,all-transactions,quarterly,USA or Census Division,United States,USA,1984,4,123.16,
traditional,all-transactions,quarterly,USA or Census Division,United States,USA,1985,1,124.9,
traditional,all-transactions,quarterly,USA or Census Division,United States,USA,1985,2,126.79,
traditional,all-transactions,quarterly,USA or Census Division,United States,USA,1985,3,128.76,
traditional,all-transactions,quarterly,USA or Census Division,United States,USA,1985,4,130.2,
traditional,all-transactions,quarterly,USA or Census Division,United States,USA,1986,1,132.73,
traditional,all-transactions,quarterly,USA or Census Division,United States,USA,1986,2,135.51,
traditional,all-transactions,quarterly,USA or Census Division,United States,USA,1986,3,137.57,
traditional,all-transactions,quarterly,USA or Census Division,United States,USA,1986,4,139.69,
traditional,all-transactions,quarterly,USA or Census Division,United States,USA,1987,1,142.46,
traditional,all-transactions,quarterly,USA or Census Division,United States,USA,1987,2,144.68,
traditional,all-transactions,quarterly,USA or Census Division,United States,USA,1987,3,146.36,
traditional,all-transactions,quarterly,USA or Census Division,United States,USA,1987,4,147.31,
traditional,all-transactions,quarterly,USA or Census Division,United States,USA,1988,1,149.6,
traditional,all-transactions,quarterly,USA or Census Division,United States,USA,1988,2,152.59,
traditional,all-transactions,quarterly,USA or Census Division,United States,USA,1988,3,154.17,
traditional,all-transactions,quarterly,USA or Census Division,United States,USA,1988,4,155.59,
traditional,all-transactions,quarterly,USA or Census Division,United States,USA,1989,1,157.41,
traditional,all-transactions,quarterly,USA or Census Division,United States,USA,1989,2,159.56,
traditional,all-transactions,quarterly,USA or Census Division,United States,USA,1989,3,162.97,
traditional,all-transactions,quarterly,USA or Census Division,United States,USA,1989,4,164.31,
traditional,all-transactions,quarterly,USA or Census Division,United States,USA,1990,1,165.25,
traditional,all-transactions,quarterly,USA or Census Division,United States,USA,1990,2,165.93,
traditional,all-transactions,quarterly,USA or Census Division,United States,USA,1990,3,166.96,
traditional,all-transactions,quarterly,USA or Census Division,United States,USA,1990,4,166.31,
traditional,all-transactions,quarterly,USA or Census Division,United States,USA,1991,1,167.68,
traditional,all-transactions,quarterly,USA or Census Division,United States,USA,1991,2,168.8,
traditional,all-transactions,quarterly,USA or Census Division,United States,USA,1991,3,169.13,
traditional,all-transactions,quarterly,USA or Census Division,United States,USA,1991,4,171.5,
traditional,all-transactions,quarterly,USA or Census Division,United States,USA,1992,1,172.82,
traditional,all-transactions,quarterly,USA or Census Division,United States,USA,1992,2,172.78,
traditional,all-transactions,quarterly,USA or Census Division,United States,USA,1992,3,174.75,
traditional,all-transactions,quarterly,USA or Census Division,United States,USA,1992,4,175.62,
traditional,all-transactions,quarterly,USA or Census Division,United States,USA,1993,1,175.7,
traditional,all-transactions,quarterly,USA or Census Division,United States,USA,1993,2,177.39,
traditional,all-transactions,quarterly,USA or Census Division,United States,USA,1993,3,178.82,
traditional,all-transactions,quarterly,USA or Census Division,United States,USA,1993,4,180.29,
traditional,all-transactions,quarterly,USA or Census Division,United States,USA,1994,1,181.42,
traditional,all-transactions,quarterly,USA or Census Division,United States,USA,1994,2,182.51,
traditional,all-transactions,quarterly,USA or Census Division,United States,USA,1994,3,183.26,
traditional,all-transactions,quarterly,USA or Census Division,United States,USA,1994,4,183.11,
traditional,all-transactions,quarterly,USA or Census Division,United States,USA,1995,1,184.07,
traditional,all-transactions,quarterly,USA or Census Division,United States,USA,1995,2,187.1,
traditional,all-transactions,quarterly,USA or Census Division,United States,USA,1995,3,189.98,
traditional,all-transactions,quarterly,USA or Census Division,United States,USA,1995,4,191.44,
traditional,all-transactions,quarterly,USA or Census Division,United States,USA,1996,1,193.59,
traditional,all-transactions,quarterly,USA or Census Division,United States,USA,1996,2,193.9,
traditional,all-transactions,quarterly,USA or Census Division,United States,USA,1996,3,194.77,
traditional,all-transactions,quarterly,USA or Census Division,United States,USA,1996,4,196.29,
traditional,all-transactions,quarterly,USA or Census Division,United States,USA,1997,1,197.92,
traditional,all-transactions,quarterly,USA or Census Division,United States,USA,1997,2,199.55,
traditional,all-transactions,quarterly,USA or Census Division,United States,USA,1997,3,202.26,
traditional,all-transactions,quarterly,USA or Census Division,United States,USA,1997,4,204.9,
traditional,all-transactions,quarterly,USA or Census Division,United States,USA,1998,1,207.97,
traditional,all-transactions,quarterly,USA or Census Division,United States,USA,1998,2,209.83,
traditional,all-transactions,quarterly,USA or Census Division,United States,USA,1998,3,212.77,
traditional,all-transactions,quarterly,USA or Census Division,United States,USA,1998,4,215.28,
traditional,all-transactions,quarterly,USA or Census Division,United States,USA,1999,1,217.55,
traditional,all-transactions,quarterly,USA or Census Division,United States,USA,1999,2,220.45,
traditional,all-transactions,quarterly,USA or Census Division,United States,USA,1999,3,223.59,
traditional,all-transactions,quarterly,USA or Census Division,United States,USA,1999,4,225.89,
traditional,all-transactions,quarterly,USA or Census Division,United States,USA,2000,1,230.21,
traditional,all-transactions,quarterly,USA or Census Division,United States,USA,2000,2,233.96,
traditional,all-transactions,quarterly,USA or Census Division,United States,USA,2000,3,238.23,
traditional,all-transactions,quarterly,USA or Census Division,United States,USA,2000,4,241.88,
traditional,all-transactions,quarterly,USA or Census Division,United States,USA,2001,1,247.86,
traditional,all-transactions,quarterly,USA or Census Division,United States,USA,2001,2,252.02,
traditional,all-transactions,quarterly,USA or Census Division,United States,USA,2001,3,255.93,
traditional,all-transactions,quarterly,USA or Census Division,United States,USA,2001,4,259.09,
traditional,all-transactions,quarterly,USA or Census Division,United States,USA,2002,1,262.81,
traditional,all-transactions,quarterly,USA or Census Division,United States,USA,2002,2,267.3,
traditional,all-transactions,quarterly,USA or Census Division,United States,USA,2002,3,272.6,
traditional,all-transactions,quarterly,USA or Census Division,United States,USA,2002,4,276.47,
traditional,all-transactions,quarterly,USA or Census Division,United States,USA,2003,1,279.84,
traditional,all-transactions,quarterly,USA or Census Division,United States,USA,2003,2,283.26,
traditional,all-transactions,quarterly,USA or Census Division,United States,USA,2003,3,287.63,
traditional,all-transactions,quarterly,USA or Census Division,United States,USA,2003,4,295.77,
traditional,all-transactions,quarterly,USA or Census Division,United States,USA,2004,1,300.43,
traditional,all-transactions,quarterly,USA or Census Division,United States,USA,2004,2,307.76,
traditional,all-transactions,quarterly,USA or Census Division,United States,USA,2004,3,319.51,
traditional,all-transactions,quarterly,USA or Census Division,United States,USA,2004,4,326.35,
traditional,all-transactions,quarterly,USA or Census Division,United States,USA,2005,1,333.84,
traditional,all-transactions,quarterly,USA or Census Division,United States,USA,2005,2,344.54,
traditional,all-transactions,quarterly,USA or Census Division,United States,USA,2005,3,354.98,
traditional,all-transactions,quarterly,USA or Census Division,United States,USA,2005,4,363.02,
traditional,all-transactions,quarterly,USA or Census Division,United States,USA,2006,1,368.77,
traditional,all-transactions,quarterly,USA or Census Division,United States,USA,2006,2,372.55,
traditional,all-transactions,quarterly,USA or Census Division,United States,USA,2006,3,375.62,
traditional,all-transactions,quarterly,USA or Census Division,United States,USA,2006,4,379.46,
traditional,all-transactions,quarterly,USA or Census Division,United States,USA,2007,1,380.87,
traditional,all-transactions,quarterly,USA or Census Division,United States,USA,2007,2,380.63,
traditional,all-transactions,quarterly,USA or Census Division,United States,USA,2007,3,376.38,
traditional,all-transactions,quarterly,USA or Census Division,United States,USA,2007,4,375.18,
traditional,all-transactions,quarterly,USA or Census Division,United States,USA,2008,1,372.43,
traditional,all-transactions,quarterly,USA or Census Division,United States,USA,2008,2,363.04,
traditional,all-transactions,quarterly,USA or Census Division,United States,USA,2008,3,351.6,
traditional,all-transactions,quarterly,USA or Census Division,United States,USA,2008,4,348.37,
traditional,all-transactions,quarterly,USA or Census Division,United States,USA,2009,1,350.95,
traditional,all-transactions,quarterly,USA or Census Division,United States,USA,2009,2,341.74,
traditional,all-transactions,quarterly,USA or Census Division,United States,USA,2009,3,332.82,
traditional,all-transactions,quarterly,USA or Census Division,United States,USA,2009,4,330.29,
traditional,all-transactions,quarterly,USA or Census Division,United States,USA,2010,1,326.34,
traditional,all-transactions,quarterly,USA or Census Division,United States,USA,2010,2,323.39,
traditional,all-transactions,quarterly,USA or Census Division,United States,USA,2010,3,326.54,
traditional,all-transactions,quarterly,USA or Census Division,United States,USA,2010,4,324.21,
traditional,all-transactions,quarterly,USA or Census Division,United States,USA,2011,1,315.22,
traditional,all-transactions,quarterly,USA or Census Division,United States,USA,2011,2,309.69,
traditional,all-transactions,quarterly,USA or Census Division,United States,USA,2011,3,312.01,
traditional,all-transactions,quarterly,USA or Census Division,United States,USA,2011,4,313.44,
traditional,all-transactions,quarterly,USA or Census Division,United States,USA,2012,1,310.16,
traditional,all-transactions,quarterly,USA or Census Division,United States,USA,2012,2,308.76,
traditional,all-transactions,quarterly,USA or Census Division,United States,USA,2012,3,312.87,
traditional,all-transactions,quarterly,USA or Census Division,United States,USA,2012,4,315.31,
traditional,all-transactions,quarterly,USA or Census Division,United States,USA,2013,1,316.9,
traditional,all-transactions,quarterly,USA or Census Division,United States,USA,2013,2,321.76,
traditional,all-transactions,quarterly,USA or Census Division,United States,USA,2013,3,326.42,
traditional,all-transactions,quarterly,USA or Census Division,United States,USA,2013,4,329.03,
traditional,all-transactions,quarterly,USA or Census Division,United States,USA,2014,1,331.8,
traditional,all-transactions,quarterly,USA or Census Division,United States,USA,2014,2,338.21,
traditional,all-transactions,quarterly,USA or Census Division,United States,USA,2014,3,343.12,
traditional,all-transactions,quarterly,USA or Census Division,United States,USA,2014,4,345.9,
traditional,all-transactions,quarterly,USA or Census Division,United States,USA,2015,1,349.72,
traditional,all-transactions,quarterly,USA or Census Division,United States,USA,2015,2,355.42,
traditional,all-transactions,quarterly,USA or Census Division,United States,USA,2015,3,360.49,
traditional,all-transactions,quarterly,USA or Census Division,United States,USA,2015,4,363.4,
traditional,all-transactions,quarterly,USA or Census Division,United States,USA,2016,1,366.77,
traditional,all-transactions,quarterly,USA or Census Division,United States,USA,2016,2,373.64,
traditional,all-transactions,quarterly,USA or Census Division,United States,USA,2016,3,380.29,
traditional,all-transactions,quarterly,USA or Census Division,United States,USA,2016,4,383.27,
traditional,all-transactions,quarterly,USA or Census Division,United States,USA,2017,1,386.08,
traditional,all-transactions,quarterly,USA or Census Division,United States,USA,2017,2,394.76,
traditional,all-transactions,quarterly,USA or Census Division,United States,USA,2017,3,400.85,
traditional,all-transactions,quarterly,USA or Census Division,United States,USA,2017,4,404.19,
traditional,all-transactions,quarterly,USA or Census Division,United States,USA,2018,1,409.9,
traditional,all-transactions,quarterly,USA or Census Division,United States,USA,2018,2,417.45,
traditional,all-transactions,quarterly,USA or Census Division,United States,USA,2018,3,422.51,
traditional,all-transactions,quarterly,USA or Census Division,United States,USA,2018,4,423.99,
traditional,all-transactions,quarterly,USA or Census Division,United States,USA,2019,1,428.69,
traditional,all-transactions,quarterly,USA or Census Division,United States,USA,2019,2,435.84,
traditional,all-transactions,quarterly,USA or Census Division,United States,USA,2019,3,441.37,
traditional,all-transactions,quarterly,USA or Census Division,United States,USA,2019,4,445.3,
traditional,all-transactions,quarterly,USA or Census Division,United States,USA,2020,1,450.42,
traditional,all-transactions,quarterly,USA or Census Division,United States,USA,2020,2,454.83,
traditional,all-transactions,quarterly,USA or Census Division,United States,USA,2020,3,462.8,
traditional,all-transactions,quarterly,USA or Census Division,United States,USA,2020,4,473.02,
traditional,all-transactions,quarterly,USA or Census Division,United States,USA,2021,1,484.29,
traditional,all-transactions,quarterly,USA or Census Division,United States,USA,2021,2,511.22,
traditional,all-transactions,quarterly,USA or Census Division,United States,USA,2021,3,539.6,
traditional,all-transactions,quarterly,USA or Census Division,United States,USA,2021,4,557.93,
traditional,all-transactions,quarterly,USA or Census Division,United States,USA,2022,1,578.04,
traditional,expanded-data,quarterly,USA or Census Division,United States,USA,1991,1,100,100
traditional,expanded-data,quarterly,USA or Census Division,United States,USA,1991,2,100.66,100.13
traditional,expanded-data,quarterly,USA or Census Division,United States,USA,1991,3,101.15,100.38
traditional,expanded-data,quarterly,USA or Census Division,United States,USA,1991,4,101.67,101.16
traditional,expanded-data,quarterly,USA or Census Division,United States,USA,1992,1,102.16,102.18
traditional,expanded-data,quarterly,USA or Census Division,United States,USA,1992,2,102.71,102.15
traditional,expanded-data,quarterly,USA or Census Division,United States,USA,1992,3,103.62,102.81
traditional,expanded-data,quarterly,USA or Census Division,United States,USA,1992,4,104.25,103.73
traditional,expanded-data,quarterly,USA or Census Division,United States,USA,1993,1,103.65,103.7
traditional,expanded-data,quarterly,USA or Census Division,United States,USA,1993,2,105.43,104.83
traditional,expanded-data,quarterly,USA or Census Division,United States,USA,1993,3,106.55,105.68
traditional,expanded-data,quarterly,USA or Census Division,United States,USA,1993,4,107.16,106.66
traditional,expanded-data,quarterly,USA or Census Division,United States,USA,1994,1,107.71,107.8
traditional,expanded-data,quarterly,USA or Census Division,United States,USA,1994,2,109.37,108.69
traditional,expanded-data,quarterly,USA or Census Division,United States,USA,1994,3,110.56,109.63
traditional,expanded-data,quarterly,USA or Census Division,United States,USA,1994,4,110.8,110.33
traditional,expanded-data,quarterly,USA or Census Division,United States,USA,1995,1,111.02,111.13
traditional,expanded-data,quarterly,USA or Census Division,United States,USA,1995,2,112.85,112.1
traditional,expanded-data,quarterly,USA or Census Division,United States,USA,1995,3,114.23,113.24
traditional,expanded-data,quarterly,USA or Census Division,United States,USA,1995,4,114.54,114.1
traditional,expanded-data,quarterly,USA or Census Division,United States,USA,1996,1,114.84,114.96
traditional,expanded-data,quarterly,USA or Census Division,United States,USA,1996,2,116.71,115.88
traditional,expanded-data,quarterly,USA or Census Division,United States,USA,1996,3,117.61,116.59
traditional,expanded-data,quarterly,USA or Census Division,United States,USA,1996,4,117.76,117.34
traditional,expanded-data,quarterly,USA or Census Division,United States,USA,1997,1,118.13,118.25
traditional,expanded-data,quarterly,USA or Census Division,United States,USA,1997,2,120,119.12
traditional,expanded-data,quarterly,USA or Census Division,United States,USA,1997,3,121.15,120.1
traditional,expanded-data,quarterly,USA or Census Division,United States,USA,1997,4,121.85,121.43
traditional,expanded-data,quarterly,USA or Census Division,United States,USA,1998,1,122.78,122.9
traditional,expanded-data,quarterly,USA or Census Division,United States,USA,1998,2,125.34,124.4
traditional,expanded-data,quarterly,USA or Census Division,United States,USA,1998,3,127.04,125.94
traditional,expanded-data,quarterly,USA or Census Division,United States,USA,1998,4,128.32,127.88
traditional,expanded-data,quarterly,USA or Census Division,United States,USA,1999,1,129.63,129.76
traditional,expanded-data,quarterly,USA or Census Division,United States,USA,1999,2,132.88,131.89
traditional,expanded-data,quarterly,USA or Census Division,United States,USA,1999,3,134.94,133.76
traditional,expanded-data,quarterly,USA or Census Division,United States,USA,1999,4,136.31,135.84
traditional,expanded-data,quarterly,USA or Census Division,United States,USA,2000,1,138.25,138.4
traditional,expanded-data,quarterly,USA or Census Division,United States,USA,2000,2,141.69,140.65
traditional,expanded-data,quarterly,USA or Census Division,United States,USA,2000,3,144.11,142.81
traditional,expanded-data,quarterly,USA or Census Division,United States,USA,2000,4,145.68,145.15
traditional,expanded-data,quarterly,USA or Census Division,United States,USA,2001,1,147.38,147.59
traditional,expanded-data,quarterly,USA or Census Division,United States,USA,2001,2,150.78,149.68
traditional,expanded-data,quarterly,USA or Census Division,United States,USA,2001,3,153.41,151.97
traditional,expanded-data,quarterly,USA or Census Division,United States,USA,2001,4,154.64,154.04
traditional,expanded-data,quarterly,USA or Census Division,United States,USA,2002,1,156.11,156.38
traditional,expanded-data,quarterly,USA or Census Division,United States,USA,2002,2,160.34,159.2
traditional,expanded-data,quarterly,USA or Census Division,United States,USA,2002,3,163.66,162.06
traditional,expanded-data,quarterly,USA or Census Division,United States,USA,2002,4,165.71,165.05
traditional,expanded-data,quarterly,USA or Census Division,United States,USA,2003,1,167.61,167.96
traditional,expanded-data,quarterly,USA or Census Division,United States,USA,2003,2,171.9,170.68
traditional,expanded-data,quarterly,USA or Census Division,United States,USA,2003,3,175.77,173.99
traditional,expanded-data,quarterly,USA or Census Division,United States,USA,2003,4,178.5,177.77
traditional,expanded-data,quarterly,USA or Census Division,United States,USA,2004,1,180.48,180.92
traditional,expanded-data,quarterly,USA or Census Division,United States,USA,2004,2,187.07,185.72
traditional,expanded-data,quarterly,USA or Census Division,United States,USA,2004,3,192.18,190.16
traditional,expanded-data,quarterly,USA or Census Division,United States,USA,2004,4,195.7,194.91
traditional,expanded-data,quarterly,USA or Census Division,United States,USA,2005,1,199.77,200.35
traditional,expanded-data,quarterly,USA or Census Division,United States,USA,2005,2,207.03,205.49
traditional,expanded-data,quarterly,USA or Census Division,United States,USA,2005,3,213.07,210.7
traditional,expanded-data,quarterly,USA or Census Division,United States,USA,2005,4,216.27,215.4
traditional,expanded-data,quarterly,USA or Census Division,United States,USA,2006,1,218.45,219.24
traditional,expanded-data,quarterly,USA or Census Division,United States,USA,2006,2,222.7,221.02
traditional,expanded-data,quarterly,USA or Census Division,United States,USA,2006,3,224.06,221.37
traditional,expanded-data,quarterly,USA or Census Division,United States,USA,2006,4,223.1,222.18
traditional,expanded-data,quarterly,USA or Census Division,United States,USA,2007,1,221.28,222.39
traditional,expanded-data,quarterly,USA or Census Division,United States,USA,2007,2,221.22,219.46
traditional,expanded-data,quarterly,USA or Census Division,United States,USA,2007,3,218.23,215.39
traditional,expanded-data,quarterly,USA or Census Division,United States,USA,2007,4,211.06,210.1
traditional,expanded-data,quarterly,USA or Census Division,United States,USA,2008,1,203.79,205.19
traditional,expanded-data,quarterly,USA or Census Division,United States,USA,2008,2,200.87,199.16
traditional,expanded-data,quarterly,USA or Census Division,United States,USA,2008,3,196.26,193.51
traditional,expanded-data,quarterly,USA or Census Division,United States,USA,2008,4,186.65,185.72
traditional,expanded-data,quarterly,USA or Census Division,United States,USA,2009,1,179.15,180.72
traditional,expanded-data,quarterly,USA or Census Division,United States,USA,2009,2,179.71,178.01
traditional,expanded-data,quarterly,USA or Census Division,United States,USA,2009,3,180.65,177.94
traditional,expanded-data,quarterly,USA or Census Division,United States,USA,2009,4,179.3,178.35
traditional,expanded-data,quarterly,USA or Census Division,United States,USA,2010,1,174.52,176.31
traditional,expanded-data,quarterly,USA or Census Division,United States,USA,2010,2,177.7,175.8
traditional,expanded-data,quarterly,USA or Census Division,United States,USA,2010,3,173.44,170.75
traditional,expanded-data,quarterly,USA or Census Division,United States,USA,2010,4,170.29,169.46
traditional,expanded-data,quarterly,USA or Census Division,United States,USA,2011,1,165.06,166.89
traditional,expanded-data,quarterly,USA or Census Division,United States,USA,2011,2,167.13,165.15
traditional,expanded-data,quarterly,USA or Census Division,United States,USA,2011,3,168.12,165.45
traditional,expanded-data,quarterly,USA or Census Division,United States,USA,2011,4,165.81,165.13
traditional,expanded-data,quarterly,USA or Census Division,United States,USA,2012,1,164.65,166.47
traditional,expanded-data,quarterly,USA or Census Division,United States,USA,2012,2,170.8,168.59
traditional,expanded-data,quarterly,USA or Census Division,United States,USA,2012,3,173.38,170.59
traditional,expanded-data,quarterly,USA or Census Division,United States,USA,2012,4,174.23,173.69
traditional,expanded-data,quarterly,USA or Census Division,United States,USA,2013,1,175.27,177.08
traditional,expanded-data,quarterly,USA or Census Division,United States,USA,2013,2,183.34,180.84
traditional,expanded-data,quarterly,USA or Census Division,United States,USA,2013,3,187.38,184.38
traditional,expanded-data,quarterly,USA or Census Division,United States,USA,2013,4,186.9,186.5
traditional,expanded-data,quarterly,USA or Census Division,United States,USA,2014,1,187.18,188.91
traditional,expanded-data,quarterly,USA or Census Division,United States,USA,2014,2,193.97,191.26
traditional,expanded-data,quarterly,USA or Census Division,United States,USA,2014,3,197.14,194.06
traditional,expanded-data,quarterly,USA or Census Division,United States,USA,2014,4,196.76,196.43
traditional,expanded-data,quarterly,USA or Census Division,United States,USA,2015,1,197.58,199.14
traditional,expanded-data,quarterly,USA or Census Division,United States,USA,2015,2,204.97,202.11
traditional,expanded-data,quarterly,USA or Census Division,United States,USA,2015,3,207.23,204.13
traditional,expanded-data,quarterly,USA or Census Division,United States,USA,2015,4,207.04,206.72
traditional,expanded-data,quarterly,USA or Census Division,United States,USA,2016,1,208.35,209.68
traditional,expanded-data,quarterly,USA or Census Division,United States,USA,2016,2,215.66,212.73
traditional,expanded-data,quarterly,USA or Census Division,United States,USA,2016,3,219.08,215.97
traditional,expanded-data,quarterly,USA or Census Division,United States,USA,2016,4,219.67,219.3
traditional,expanded-data,quarterly,USA or Census Division,United States,USA,2017,1,221.36,222.44
traditional,expanded-data,quarterly,USA or Census Division,United States,USA,2017,2,228.96,226.01
traditional,expanded-data,quarterly,USA or Census Division,United States,USA,2017,3,232.75,229.61
traditional,expanded-data,quarterly,USA or Census Division,United States,USA,2017,4,233.94,233.45
traditional,expanded-data,quarterly,USA or Census Division,United States,USA,2018,1,236.58,237.46
traditional,expanded-data,quarterly,USA or Census Division,United States,USA,2018,2,243.63,240.67
traditional,expanded-data,quarterly,USA or Census Division,United States,USA,2018,3,247.16,243.94
traditional,expanded-data,quarterly,USA or Census Division,United States,USA,2018,4,247.7,247.08
traditional,expanded-data,quarterly,USA or Census Division,United States,USA,2019,1,249.8,250.5
traditional,expanded-data,quarterly,USA or Census Division,United States,USA,2019,2,256.52,253.57
traditional,expanded-data,quarterly,USA or Census Division,United States,USA,2019,3,260.17,256.81
traditional,expanded-data,quarterly,USA or Census Division,United States,USA,2019,4,261.5,260.77
traditional,expanded-data,quarterly,USA or Census Division,United States,USA,2020,1,265.24,265.87
traditional,expanded-data,quarterly,USA or Census Division,United States,USA,2020,2,272.15,269.13
traditional,expanded-data,quarterly,USA or Census Division,United States,USA,2020,3,281.27,277.61
traditional,expanded-data,quarterly,USA or Census Division,United States,USA,2020,4,290.29,289.44
traditional,expanded-data,quarterly,USA or Census Division,United States,USA,2021,1,299.69,300.35
traditional,expanded-data,quarterly,USA or Census Division,United States,USA,2021,2,318.69,315.22
traditional,expanded-data,quarterly,USA or Census Division,United States,USA,2021,3,333.62,329.23
traditional,expanded-data,quarterly,USA or Census Division,United States,USA,2021,4,340.95,339.94
traditional,expanded-data,quarterly,USA or Census Division,United States,USA,2022,1,352.22,352.97
traditional,purchase-only,quarterly,USA or Census Division,United States,USA,1991,1,100,100
traditional,purchase-only,quarterly,USA or Census Division,United States,USA,1991,2,100.51,100
traditional,purchase-only,quarterly,USA or Census Division,United States,USA,1991,3,100.82,100.18
traditional,purchase-only,quarterly,USA or Census Division,United States,USA,1991,4,101.47,101.07
traditional,purchase-only,quarterly,USA or Census Division,United States,USA,1992,1,102.26,102.28
traditional,purchase-only,quarterly,USA or Census Division,United States,USA,1992,2,102.66,102.13
traditional,purchase-only,quarterly,USA or Census Division,United States,USA,1992,3,103.67,102.99
traditional,purchase-only,quarterly,USA or Census Division,United States,USA,1992,4,104.19,103.8
traditional,purchase-only,quarterly,USA or Census Division,United States,USA,1993,1,103.81,103.85
traditional,purchase-only,quarterly,USA or Census Division,United States,USA,1993,2,105.44,104.88
traditional,purchase-only,quarterly,USA or Census Division,United States,USA,1993,3,106.43,105.68
traditional,purchase-only,quarterly,USA or Census Division,United States,USA,1993,4,107.02,106.67
traditional,purchase-only,quarterly,USA or Census Division,United States,USA,1994,1,107.58,107.65
traditional,purchase-only,quarterly,USA or Census Division,United States,USA,1994,2,109.14,108.52
traditional,purchase-only,quarterly,USA or Census Division,United States,USA,1994,3,110.01,109.18
traditional,purchase-only,quarterly,USA or Census Division,United States,USA,1994,4,110.03,109.73
traditional,purchase-only,quarterly,USA or Census Division,United States,USA,1995,1,110.31,110.4
traditional,purchase-only,quarterly,USA or Census Division,United States,USA,1995,2,111.73,111.05
traditional,purchase-only,quarterly,USA or Census Division,United States,USA,1995,3,112.97,112.08
traditional,purchase-only,quarterly,USA or Census Division,United States,USA,1995,4,112.96,112.72
traditional,purchase-only,quarterly,USA or Census Division,United States,USA,1996,1,113.62,113.71
traditional,purchase-only,quarterly,USA or Census Division,United States,USA,1996,2,115.21,114.47
traditional,purchase-only,quarterly,USA or Census Division,United States,USA,1996,3,116.11,115.19
traditional,purchase-only,quarterly,USA or Census Division,United States,USA,1996,4,116.05,115.85
traditional,purchase-only,quarterly,USA or Census Division,United States,USA,1997,1,116.49,116.59
traditional,purchase-only,quarterly,USA or Census Division,United States,USA,1997,2,118.34,117.54
traditional,purchase-only,quarterly,USA or Census Division,United States,USA,1997,3,119.34,118.39
traditional,purchase-only,quarterly,USA or Census Division,United States,USA,1997,4,119.84,119.67
traditional,purchase-only,quarterly,USA or Census Division,United States,USA,1998,1,121.07,121.17
traditional,purchase-only,quarterly,USA or Census Division,United States,USA,1998,2,123.72,122.85
traditional,purchase-only,quarterly,USA or Census Division,United States,USA,1998,3,125.45,124.45
traditional,purchase-only,quarterly,USA or Census Division,United States,USA,1998,4,126.64,126.48
traditional,purchase-only,quarterly,USA or Census Division,United States,USA,1999,1,128.22,128.33
traditional,purchase-only,quarterly,USA or Census Division,United States,USA,1999,2,131.2,130.25
traditional,purchase-only,quarterly,USA or Census Division,United States,USA,1999,3,133.34,132.26
traditional,purchase-only,quarterly,USA or Census Division,United States,USA,1999,4,134.42,134.25
traditional,purchase-only,quarterly,USA or Census Division,United States,USA,2000,1,136.48,136.62
traditional,purchase-only,quarterly,USA or Census Division,United States,USA,2000,2,139.92,138.91
traditional,purchase-only,quarterly,USA or Census Division,United States,USA,2000,3,142.29,141.1
traditional,purchase-only,quarterly,USA or Census Division,United States,USA,2000,4,143.75,143.56
traditional,purchase-only,quarterly,USA or Census Division,United States,USA,2001,1,146.02,146.21
traditional,purchase-only,quarterly,USA or Census Division,United States,USA,2001,2,149.66,148.58
traditional,purchase-only,quarterly,USA or Census Division,United States,USA,2001,3,152.16,150.84
traditional,purchase-only,quarterly,USA or Census Division,United States,USA,2001,4,153.44,153.21
traditional,purchase-only,quarterly,USA or Census Division,United States,USA,2002,1,155.51,155.76
traditional,purchase-only,quarterly,USA or Census Division,United States,USA,2002,2,159.78,158.62
traditional,purchase-only,quarterly,USA or Census Division,United States,USA,2002,3,163.14,161.67
traditional,purchase-only,quarterly,USA or Census Division,United States,USA,2002,4,165.15,164.89
traditional,purchase-only,quarterly,USA or Census Division,United States,USA,2003,1,167.47,167.81
traditional,purchase-only,quarterly,USA or Census Division,United States,USA,2003,2,171.78,170.51
traditional,purchase-only,quarterly,USA or Census Division,United States,USA,2003,3,175.51,173.88
traditional,purchase-only,quarterly,USA or Census Division,United States,USA,2003,4,178.07,177.81
traditional,purchase-only,quarterly,USA or Census Division,United States,USA,2004,1,181.32,181.77
traditional,purchase-only,quarterly,USA or Census Division,United States,USA,2004,2,187.79,186.34
traditional,purchase-only,quarterly,USA or Census Division,United States,USA,2004,3,193.02,191.17
traditional,purchase-only,quarterly,USA or Census Division,United States,USA,2004,4,196.13,195.9
traditional,purchase-only,quarterly,USA or Census Division,United States,USA,2005,1,200.19,200.78
traditional,purchase-only,quarterly,USA or Census Division,United States,USA,2005,2,207.81,206.08
traditional,purchase-only,quarterly,USA or Census Division,United States,USA,2005,3,213.62,211.49
traditional,purchase-only,quarterly,USA or Census Division,United States,USA,2005,4,216.1,215.94
traditional,purchase-only,quarterly,USA or Census Division,United States,USA,2006,1,218.41,219.14
traditional,purchase-only,quarterly,USA or Census Division,United States,USA,2006,2,222.67,220.68
traditional,purchase-only,quarterly,USA or Census Division,United States,USA,2006,3,223.36,221.04
traditional,purchase-only,quarterly,USA or Census Division,United States,USA,2006,4,222.19,222.1
traditional,purchase-only,quarterly,USA or Census Division,United States,USA,2007,1,222.53,223.45
traditional,purchase-only,quarterly,USA or Census Division,United States,USA,2007,2,225.03,222.87
traditional,purchase-only,quarterly,USA or Census Division,United States,USA,2007,3,222.42,220.03
traditional,purchase-only,quarterly,USA or Census Division,United States,USA,2007,4,216.13,216.05
traditional,purchase-only,quarterly,USA or Census Division,United States,USA,2008,1,209.96,211.06
traditional,purchase-only,quarterly,USA or Census Division,United States,USA,2008,2,207.26,205.15
traditional,purchase-only,quarterly,USA or Census Division,United States,USA,2008,3,202.29,199.99
traditional,purchase-only,quarterly,USA or Census Division,United States,USA,2008,4,194.31,194.18
traditional,purchase-only,quarterly,USA or Census Division,United States,USA,2009,1,191.74,193.02
traditional,purchase-only,quarterly,USA or Census Division,United States,USA,2009,2,192.33,190.26
traditional,purchase-only,quarterly,USA or Census Division,United States,USA,2009,3,191.74,189.4
traditional,purchase-only,quarterly,USA or Census Division,United States,USA,2009,4,189.42,189.25
traditional,purchase-only,quarterly,USA or Census Division,United States,USA,2010,1,186,187.51
traditional,purchase-only,quarterly,USA or Census Division,United States,USA,2010,2,188.74,186.6
traditional,purchase-only,quarterly,USA or Census Division,United States,USA,2010,3,186,183.55
traditional,purchase-only,quarterly,USA or Census Division,United States,USA,2010,4,181.84,181.69
traditional,purchase-only,quarterly,USA or Census Division,United States,USA,2011,1,176.08,177.71
traditional,purchase-only,quarterly,USA or Census Division,United States,USA,2011,2,178.38,176.22
traditional,purchase-only,quarterly,USA or Census Division,United States,USA,2011,3,179.27,176.78
traditional,purchase-only,quarterly,USA or Census Division,United States,USA,2011,4,177.18,177.13
traditional,purchase-only,quarterly,USA or Census Division,United States,USA,2012,1,176.18,177.87
traditional,purchase-only,quarterly,USA or Census Division,United States,USA,2012,2,183.08,180.73
traditional,purchase-only,quarterly,USA or Census Division,United States,USA,2012,3,185.6,182.95
traditional,purchase-only,quarterly,USA or Census Division,United States,USA,2012,4,185.61,185.7
traditional,purchase-only,quarterly,USA or Census Division,United States,USA,2013,1,187.76,189.5
traditional,purchase-only,quarterly,USA or Census Division,United States,USA,2013,2,196,193.36
traditional,purchase-only,quarterly,USA or Census Division,United States,USA,2013,3,199.25,196.43
traditional,purchase-only,quarterly,USA or Census Division,United States,USA,2013,4,198.09,198.33
traditional,purchase-only,quarterly,USA or Census Division,United States,USA,2014,1,199.13,200.8
traditional,purchase-only,quarterly,USA or Census Division,United States,USA,2014,2,205.41,202.58
traditional,purchase-only,quarterly,USA or Census Division,United States,USA,2014,3,207.64,204.79
traditional,purchase-only,quarterly,USA or Census Division,United States,USA,2014,4,207.15,207.49
traditional,purchase-only,quarterly,USA or Census Division,United States,USA,2015,1,208.81,210.31
traditional,purchase-only,quarterly,USA or Census Division,United States,USA,2015,2,216.01,213.01
traditional,purchase-only,quarterly,USA or Census Division,United States,USA,2015,3,218.55,215.7
traditional,purchase-only,quarterly,USA or Census Division,United States,USA,2015,4,218.37,218.77
traditional,purchase-only,quarterly,USA or Census Division,United States,USA,2016,1,220.24,221.54
traditional,purchase-only,quarterly,USA or Census Division,United States,USA,2016,2,227.86,224.74
traditional,purchase-only,quarterly,USA or Census Division,United States,USA,2016,3,230.98,228.13
traditional,purchase-only,quarterly,USA or Census Division,United States,USA,2016,4,231.28,231.69
traditional,purchase-only,quarterly,USA or Census Division,United States,USA,2017,1,233.61,234.68
traditional,purchase-only,quarterly,USA or Census Division,United States,USA,2017,2,242.05,238.84
traditional,purchase-only,quarterly,USA or Census Division,United States,USA,2017,3,245.37,242.51
traditional,purchase-only,quarterly,USA or Census Division,United States,USA,2017,4,245.69,246.07
traditional,purchase-only,quarterly,USA or Census Division,United States,USA,2018,1,249.84,250.72
traditional,purchase-only,quarterly,USA or Census Division,United States,USA,2018,2,257.23,253.93
traditional,purchase-only,quarterly,USA or Census Division,United States,USA,2018,3,260.02,257.14
traditional,purchase-only,quarterly,USA or Census Division,United States,USA,2018,4,259.6,259.95
traditional,purchase-only,quarterly,USA or Census Division,United States,USA,2019,1,262.41,263.1
traditional,purchase-only,quarterly,USA or Census Division,United States,USA,2019,2,270.02,266.67
traditional,purchase-only,quarterly,USA or Census Division,United States,USA,2019,3,272.72,269.81
traditional,purchase-only,quarterly,USA or Census Division,United States,USA,2019,4,273.81,274.12
traditional,purchase-only,quarterly,USA or Census Division,United States,USA,2020,1,278.83,279.39
traditional,purchase-only,quarterly,USA or Census Division,United States,USA,2020,2,285.5,282.03
traditional,purchase-only,quarterly,USA or Census Division,United States,USA,2020,3,295.04,291.96
traditional,purchase-only,quarterly,USA or Census Division,United States,USA,2020,4,304.36,304.7
traditional,purchase-only,quarterly,USA or Census Division,United States,USA,2021,1,315.4,315.89
traditional,purchase-only,quarterly,USA or Census Division,United States,USA,2021,2,336.16,332.15
traditional,purchase-only,quarterly,USA or Census Division,United States,USA,2021,3,349.88,346.25
traditional,purchase-only,quarterly,USA or Census Division,United States,USA,2021,4,358.25,358.63
traditional,purchase-only,quarterly,USA or Census Division,United States,USA,2022,1,374.57,375.05